id,amount,type
38,40,OUT
355,3,OUT
369,38,OUT
281,23,IN
370,22,OUT
365,20,OUT
70,29,IN
98,22,OUT
378,17,IN
211,10,IN
35,25,IN
340,34,IN
204,12,IN
129,27,IN
387,22,OUT
38,23,IN
345,19,OUT
122,5,OUT
94,13,OUT
32,2,OUT
141,17,OUT
229,36,OUT
122,32,OUT
67,28,IN
53,28,IN
350,5,OUT
294,26,IN
87,26,OUT
123,12,IN
94,33,OUT
58,36,OUT
176,38,OUT
297,23,IN
33,36,IN
66,28,OUT
277,12,IN
103,32,IN
207,18,IN
92,4,IN
21,32,OUT
82,9,IN
44,23,IN
75,32,OUT
56,25,IN
68,12,OUT
324,15,OUT
229,22,OUT
75,10,OUT
169,21,OUT
270,32,OUT
317,13,IN
182,24,IN
397,36,IN
308,6,OUT
229,15,OUT
217,13,IN
265,40,OUT
93,18,IN
63,11,OUT
332,12,OUT
198,1,IN
86,30,OUT
240,37,OUT
227,28,IN
348,29,IN
67,13,OUT
327,15,OUT
335,2,IN
172,21,IN
257,1,OUT
267,9,IN
371,20,OUT
385,9,IN
172,23,OUT
267,27,IN
182,11,OUT
382,5,IN
261,32,IN
80,26,OUT
366,36,IN
119,7,OUT
158,16,IN
121,20,OUT
354,23,OUT
88,29,OUT
298,1,OUT
30,27,IN
52,32,OUT
374,23,OUT
252,33,IN
403,20,IN
124,35,IN
78,14,IN
189,32,OUT
64,32,IN
28,21,IN
392,4,OUT
383,25,IN
254,37,IN
223,35,OUT
127,20,IN
161,30,OUT
20,36,OUT
293,11,IN
170,16,IN
364,33,IN
263,32,OUT
68,27,IN
255,6,IN
71,29,IN
11,7,IN
210,25,IN
122,29,OUT
329,36,OUT
400,1,OUT
329,0,OUT
389,26,IN
137,5,OUT
29,39,OUT
345,15,OUT
108,29,IN
223,18,OUT
173,18,IN
130,14,IN
195,16,IN
135,5,IN
148,37,OUT
22,1,IN
69,17,OUT
91,33,OUT
30,24,IN
198,19,OUT
52,6,IN
154,2,OUT
160,11,OUT
100,38,OUT
38,8,IN
298,12,IN
321,22,OUT
84,12,IN
124,31,IN
268,35,IN
310,40,OUT
360,0,OUT
10,9,OUT
299,31,OUT
126,27,OUT
146,4,IN
234,33,IN
14,4,OUT
392,14,OUT
20,35,IN
289,17,IN
87,17,IN
22,22,OUT
80,6,OUT
265,35,OUT
113,10,IN
14,14,OUT
396,24,IN
336,32,IN
234,32,OUT
379,32,OUT
353,30,IN
323,32,OUT
254,19,OUT
407,9,OUT
51,32,OUT
362,11,IN
57,2,OUT
280,25,IN
91,33,IN
58,19,OUT
53,2,IN
396,10,OUT
150,40,OUT
24,19,OUT
108,23,IN
218,6,IN
106,10,IN
381,37,IN
16,32,OUT
20,12,OUT
142,33,OUT
354,24,OUT
393,4,IN
26,17,OUT
272,28,OUT
126,7,OUT
152,12,OUT
402,11,OUT
92,27,OUT
174,20,OUT
204,18,IN
232,14,OUT
242,20,OUT
163,22,OUT
396,36,OUT
409,26,IN
78,19,IN
346,15,OUT
313,13,OUT
173,38,OUT
224,22,OUT
244,24,OUT
300,6,IN
121,26,OUT
203,14,OUT
337,30,OUT
253,6,OUT
240,24,IN
128,24,IN
111,12,IN
216,12,OUT
322,37,IN
238,27,OUT
157,18,IN
262,22,IN
185,29,OUT
241,36,OUT
217,24,IN
81,10,IN
362,0,IN
340,12,IN
301,5,OUT
212,21,IN
405,29,IN
278,27,OUT
195,25,IN
317,12,OUT
152,25,OUT
231,34,IN
61,40,OUT
215,4,OUT
74,10,OUT
166,11,IN
209,23,IN
383,11,OUT
205,39,OUT
392,24,OUT
251,1,IN
210,10,IN
88,27,IN
175,33,OUT
376,8,OUT
123,21,IN
94,17,OUT
129,38,OUT
399,20,OUT
346,11,OUT
38,22,IN
25,27,IN
196,6,IN
291,6,OUT
308,12,OUT
78,38,IN
376,21,OUT
389,31,OUT
249,36,OUT
170,39,OUT
154,15,IN
118,35,OUT
65,26,OUT
158,6,IN
211,11,IN
44,33,OUT
15,27,IN
124,3,IN
70,12,OUT
136,31,IN
135,8,OUT
249,8,OUT
395,6,IN
242,28,OUT
235,15,OUT
44,30,IN
84,12,IN
46,33,IN
307,38,IN
100,5,OUT
399,6,IN
26,37,IN
40,16,IN
55,21,OUT
189,21,IN
385,0,IN
188,15,OUT
138,2,IN
366,23,OUT
242,11,IN
244,2,IN
249,38,OUT
198,39,OUT
10,37,OUT
368,28,IN
138,0,IN
228,11,IN
350,22,IN
173,7,IN
364,36,IN
329,13,OUT
306,1,OUT
175,18,OUT
273,9,OUT
208,39,IN
12,10,IN
107,21,OUT
103,10,IN
199,30,OUT
194,13,IN
285,31,IN
215,17,IN
139,28,OUT
109,22,OUT
407,28,OUT
251,33,IN
234,2,IN
64,7,IN
36,18,OUT
100,7,IN
110,7,IN
261,21,OUT
98,17,IN
95,30,IN
176,18,IN
10,32,IN
65,5,OUT
178,29,OUT
119,34,IN
65,18,OUT
274,35,OUT
401,13,OUT
196,38,IN
63,1,IN
151,32,IN
200,36,IN
374,10,IN
312,6,OUT
258,38,IN
207,15,OUT
386,10,OUT
198,20,OUT
242,15,OUT
215,26,IN
107,1,OUT
296,39,IN
89,19,IN
196,18,IN
298,36,IN
40,0,OUT
295,35,IN
306,8,IN
227,31,OUT
172,8,OUT
363,15,OUT
252,38,IN
226,31,IN
46,21,IN
33,18,OUT
267,28,OUT
36,27,OUT
278,37,OUT
314,36,IN
365,22,IN
243,21,OUT
125,10,IN
260,8,OUT
375,19,IN
212,37,IN
154,11,OUT
10,34,IN
241,9,OUT
290,37,IN
277,32,OUT
310,23,IN
64,15,IN
183,7,OUT
55,20,IN
231,21,OUT
349,28,IN
344,37,IN
266,18,IN
249,1,OUT
315,38,OUT
33,20,IN
351,26,OUT
46,33,OUT
222,9,OUT
30,0,IN
286,21,OUT
204,23,IN
306,0,IN
282,23,IN
42,40,IN
241,31,IN
325,13,IN
194,1,IN
69,13,OUT
48,4,OUT
229,33,IN
166,0,OUT
156,27,IN
79,36,IN
110,9,IN
102,33,IN
122,24,IN
166,20,IN
141,39,OUT
374,2,IN
165,31,OUT
162,20,OUT
271,9,IN
327,0,OUT
70,10,OUT
254,3,IN
214,9,IN
211,19,OUT
349,20,IN
229,35,IN
356,34,OUT
166,8,OUT
65,13,IN
224,21,IN
238,32,OUT
123,24,IN
13,13,OUT
292,6,OUT
270,17,OUT
100,25,IN
254,36,OUT
157,2,IN
184,23,OUT
118,5,OUT
63,33,IN
23,16,IN
150,0,OUT
71,32,OUT
321,40,IN
114,9,IN
107,15,OUT
37,10,OUT
130,20,OUT
244,17,IN
225,13,IN
189,2,IN
357,17,IN
295,27,OUT
207,20,OUT
240,18,OUT
95,0,IN
123,38,IN
94,6,IN
186,8,IN
11,30,OUT
257,26,OUT
372,39,OUT
325,6,OUT
291,24,OUT
55,9,IN
229,16,IN
207,31,OUT
278,34,IN
338,19,IN
141,15,IN
333,32,IN
295,9,IN
141,39,OUT
135,30,OUT
24,20,OUT
368,28,IN
207,13,OUT
375,37,IN
110,27,OUT
16,13,OUT
193,35,OUT
217,36,OUT
25,22,IN
283,12,IN
87,38,OUT
236,34,OUT
246,26,IN
217,15,IN
141,15,OUT
17,37,IN
209,20,IN
51,18,IN
405,9,IN
297,19,IN
322,2,IN
100,34,OUT
151,24,IN
306,31,IN
138,8,IN
189,30,OUT
136,22,OUT
324,22,IN
142,37,OUT
222,29,IN
57,14,IN
195,6,OUT
21,34,IN
184,2,IN
165,7,OUT
234,33,OUT
51,40,OUT
383,2,IN
369,17,OUT
394,13,OUT
369,25,IN
217,3,IN
350,22,OUT
383,4,OUT
243,23,OUT
120,2,OUT
123,15,IN
170,8,IN
53,31,OUT
67,7,OUT
214,12,OUT
36,12,IN
235,16,OUT
57,29,OUT
380,8,OUT
236,20,IN
246,32,OUT
60,40,IN
224,20,OUT
284,26,IN
140,24,IN
352,37,IN
124,11,OUT
375,7,OUT
24,18,OUT
160,24,IN
404,3,OUT
383,4,OUT
39,21,IN
356,21,OUT
133,37,OUT
175,16,IN
198,15,IN
29,5,IN
280,33,IN
160,8,OUT
331,33,IN
228,16,OUT
193,7,OUT
111,34,IN
24,9,IN
238,11,OUT
39,1,OUT
257,7,IN
126,37,IN
83,36,OUT
202,30,OUT
323,2,OUT
18,28,OUT
11,9,IN
349,0,IN
118,9,IN
251,8,OUT
340,13,IN
245,21,IN
17,11,IN
39,5,OUT
82,7,OUT
372,17,OUT
107,0,IN
31,12,OUT
365,15,IN
29,21,OUT
88,36,OUT
395,32,OUT
158,38,IN
142,40,OUT
264,11,IN
201,35,OUT
352,15,OUT
14,0,IN
392,8,OUT
14,13,OUT
30,1,OUT
408,21,IN
23,16,OUT
360,25,OUT
115,32,OUT
43,18,IN
115,18,OUT
268,35,IN
385,25,OUT
61,31,OUT
227,13,OUT
278,14,IN
338,10,IN
294,39,IN
357,5,OUT
78,1,OUT
280,8,OUT
90,1,OUT
104,4,OUT
112,2,IN
208,22,OUT
76,21,OUT
386,12,OUT
274,33,OUT
356,29,IN
371,2,OUT
217,14,OUT
171,7,OUT
203,22,IN
258,0,IN
93,24,OUT
218,19,OUT
197,19,IN
69,11,IN
266,17,IN
370,36,IN
368,5,IN
66,39,OUT
200,14,IN
282,0,IN
365,28,OUT
185,36,IN
13,29,IN
290,3,OUT
187,33,OUT
177,16,OUT
69,38,OUT
58,9,IN
155,37,IN
336,13,OUT
101,3,IN
110,13,IN
358,5,IN
149,29,IN
27,34,OUT
69,13,IN
349,38,OUT
178,8,IN
265,10,IN
91,22,OUT
107,26,IN
229,29,IN
280,5,IN
60,7,OUT
174,35,OUT
249,5,IN
102,4,IN
93,36,IN
355,22,OUT
61,30,OUT
239,9,IN
323,5,IN
180,23,OUT
320,33,IN
23,21,IN
211,38,OUT
247,9,IN
59,18,OUT
364,30,OUT
409,1,IN
153,37,IN
267,3,IN
138,4,IN
221,33,OUT
298,30,IN
78,13,IN
388,31,OUT
155,16,IN
279,17,IN
201,40,OUT
166,2,OUT
204,31,IN
24,28,OUT
203,38,OUT
393,34,IN
145,30,IN
46,12,OUT
237,2,OUT
127,6,OUT
367,20,OUT
225,28,OUT
345,2,OUT
288,31,OUT
102,16,OUT
210,26,IN
398,13,OUT
40,28,OUT
108,2,IN
115,35,IN
45,20,OUT
11,39,IN
320,28,OUT
314,29,OUT
374,29,OUT
389,34,IN
289,32,OUT
24,34,IN
320,8,OUT
142,18,IN
173,0,OUT
162,4,IN
16,15,OUT
264,28,OUT
134,2,IN
219,17,OUT
376,12,OUT
327,33,OUT
276,2,IN
230,32,IN
392,24,IN
24,8,IN
338,20,IN
365,11,OUT
373,22,OUT
377,16,OUT
73,33,OUT
37,18,OUT
91,19,OUT
10,27,IN
222,7,IN
33,31,OUT
104,25,OUT
183,37,OUT
344,39,IN
169,38,OUT
379,5,OUT
310,8,OUT
36,29,OUT
211,7,IN
183,21,OUT
303,2,IN
113,31,OUT
254,22,IN
11,40,OUT
86,10,IN
74,35,OUT
103,17,IN
133,13,OUT
374,40,IN
85,15,OUT
227,25,OUT
316,12,IN
361,16,OUT
231,3,IN
240,28,IN
267,3,IN
319,1,IN
290,3,IN
185,17,OUT
169,10,IN
119,8,IN
156,37,OUT
347,9,OUT
333,22,IN
242,8,IN
171,22,OUT
362,13,IN
257,26,IN
359,5,OUT
30,37,OUT
379,37,IN
52,32,IN
47,29,IN
62,4,IN
397,37,IN
243,40,OUT
88,6,IN
351,14,IN
44,11,OUT
107,16,OUT
59,13,IN
387,13,OUT
161,30,IN
295,25,OUT
378,0,IN
156,8,IN
310,7,OUT
226,21,IN
407,9,IN
187,32,OUT
250,37,IN
82,25,OUT
127,29,IN
101,3,OUT
280,13,IN
230,26,IN
410,27,IN
197,11,OUT
40,36,IN
260,1,OUT
252,3,IN
365,20,OUT
404,4,IN
208,0,OUT
297,37,IN
44,3,OUT
53,3,IN
224,2,IN
149,20,IN
222,27,IN
164,37,IN
396,22,IN
190,27,OUT
368,37,IN
69,28,IN
151,22,OUT
253,28,OUT
274,32,IN
96,5,IN
28,24,OUT
168,24,OUT
52,16,IN
321,21,IN
26,2,OUT
305,17,OUT
374,4,IN
401,3,OUT
124,24,IN
125,5,OUT
349,1,IN
95,18,OUT
52,27,OUT
337,39,IN
164,35,OUT
245,18,OUT
367,1,OUT
250,33,OUT
313,22,IN
101,36,IN
179,10,OUT
336,37,IN
179,6,OUT
104,11,OUT
377,21,OUT
233,31,OUT
323,27,OUT
319,20,OUT
141,39,OUT
137,27,OUT
47,24,IN
336,16,OUT
142,26,OUT
25,27,IN
183,19,IN
325,7,OUT
109,18,OUT
232,9,IN
287,28,IN
225,37,OUT
214,32,IN
249,26,OUT
82,2,IN
377,38,OUT
286,15,IN
357,35,IN
242,26,IN
147,30,OUT
222,19,OUT
69,23,OUT
121,20,OUT
390,14,OUT
95,1,OUT
302,40,IN
200,36,OUT
64,18,IN
127,11,OUT
396,7,IN
386,7,IN
213,17,IN
35,10,IN
257,37,OUT
291,10,IN
319,18,IN
346,5,OUT
191,20,IN
271,35,OUT
307,32,IN
401,12,IN
279,14,IN
385,32,OUT
316,15,OUT
216,6,IN
397,29,OUT
56,4,OUT
105,4,IN
267,5,OUT
241,19,OUT
236,22,IN
205,10,IN
349,22,IN
283,40,OUT
70,26,IN
183,11,IN
341,29,IN
163,3,IN
278,19,OUT
85,35,IN
77,33,IN
305,1,OUT
131,32,IN
142,21,IN
122,38,OUT
250,40,IN
21,18,IN
243,20,IN
98,34,IN
383,20,OUT
244,31,OUT
305,7,IN
288,11,OUT
193,26,IN
139,16,IN
378,33,IN
404,16,OUT
314,14,OUT
57,3,OUT
352,28,OUT
331,18,IN
250,28,OUT
404,29,OUT
384,13,OUT
260,34,OUT
220,25,OUT
74,30,OUT
354,14,IN
282,27,OUT
178,11,IN
371,11,IN
166,8,OUT
91,27,OUT
337,2,OUT
176,18,IN
54,12,OUT
153,33,IN
204,20,IN
234,12,OUT
325,19,IN
47,22,IN
66,10,IN
354,33,OUT
352,9,IN
301,13,IN
321,22,OUT
395,22,OUT
386,39,OUT
251,9,OUT
149,17,OUT
196,4,OUT
69,38,OUT
117,9,IN
348,2,OUT
177,34,OUT
127,23,OUT
161,32,OUT
158,21,OUT
114,27,IN
358,15,IN
333,9,IN
320,19,IN
161,31,OUT
155,11,IN
332,31,OUT
336,19,OUT
408,4,IN
127,8,OUT
126,4,OUT
98,28,IN
310,22,OUT
111,28,IN
381,7,IN
90,26,IN
33,22,IN
340,12,OUT
281,15,IN
380,38,OUT
378,16,OUT
85,11,IN
311,15,IN
259,5,IN
11,25,IN
12,33,OUT
369,39,IN
15,4,IN
164,13,IN
184,38,IN
158,31,OUT
92,39,OUT
117,25,IN
170,37,OUT
48,18,IN
305,19,OUT
55,18,OUT
262,15,OUT
30,0,IN
46,16,IN
347,12,OUT
278,35,IN
334,11,IN
78,23,IN
104,12,OUT
290,11,OUT
265,27,OUT
46,16,OUT
299,14,IN
31,10,OUT
91,12,OUT
391,37,IN
287,39,IN
42,39,IN
302,5,IN
51,16,OUT
261,27,IN
77,39,OUT
363,37,IN
268,10,IN
191,32,OUT
273,6,IN
167,35,IN
334,30,OUT
348,31,IN
295,20,OUT
397,18,IN
183,5,OUT
29,38,IN
401,34,OUT
408,15,OUT
98,5,IN
261,20,IN
121,29,IN
79,21,OUT
198,33,IN
144,25,OUT
295,16,OUT
186,38,OUT
106,3,IN
73,16,OUT
273,26,OUT
114,20,OUT
125,1,OUT
37,0,IN
159,32,OUT
193,1,OUT
114,5,IN
81,32,IN
270,40,IN
120,9,IN
75,27,IN
236,12,IN
281,15,OUT
133,2,IN
403,27,OUT
272,12,IN
203,17,IN
15,26,OUT
55,12,IN
267,20,OUT
62,35,OUT
194,9,IN
358,23,OUT
174,33,IN
22,32,IN
44,25,OUT
159,14,OUT
59,39,IN
406,36,OUT
314,36,OUT
11,19,IN
138,11,IN
157,1,IN
261,29,IN
216,7,OUT
156,10,OUT
23,30,IN
15,34,OUT
401,30,IN
214,1,OUT
263,22,OUT
363,18,OUT
43,33,IN
161,24,OUT
125,9,OUT
384,34,OUT
280,29,OUT
294,36,IN
30,11,IN
273,8,OUT
151,35,IN
59,38,IN
64,22,OUT
53,35,IN
203,24,OUT
39,15,OUT
373,3,OUT
165,24,IN
191,36,IN
297,21,IN
203,16,OUT
320,23,IN
353,29,IN
231,33,IN
360,40,OUT
293,7,OUT
19,0,OUT
76,15,IN
265,20,OUT
173,4,IN
26,28,IN
247,38,OUT
300,10,IN
379,5,IN
93,23,OUT
144,19,OUT
321,18,IN
45,1,OUT
321,5,OUT
293,2,OUT
271,21,IN
118,2,IN
232,14,OUT
115,2,OUT
333,31,OUT
366,4,OUT
253,21,OUT
234,11,IN
212,25,OUT
379,5,OUT
244,5,IN
140,18,IN
264,20,OUT
323,22,OUT
385,19,IN
118,25,IN
186,23,IN
123,15,OUT
167,31,IN
134,6,OUT
339,23,OUT
172,38,OUT
299,27,IN
60,7,OUT
332,3,OUT
139,23,OUT
125,5,OUT
333,20,IN
159,18,OUT
100,1,OUT
227,38,IN
26,38,OUT
31,24,IN
268,13,OUT
199,25,OUT
336,20,OUT
117,10,OUT
298,6,IN
104,18,OUT
373,31,OUT
117,17,OUT
337,11,OUT
367,27,OUT
316,26,OUT
229,38,OUT
346,16,IN
178,11,OUT
229,21,IN
247,12,IN
164,2,IN
96,36,OUT
120,20,IN
275,11,IN
123,26,OUT
335,18,OUT
394,39,IN
380,16,OUT
250,24,IN
136,25,OUT
311,26,IN
215,10,IN
89,16,IN
34,37,OUT
103,27,IN
177,39,IN
197,6,OUT
166,40,OUT
100,3,IN
317,2,IN
19,21,OUT
113,19,IN
319,27,IN
321,12,OUT
237,37,IN
393,2,OUT
349,10,OUT
326,11,IN
346,29,OUT
332,25,OUT
81,1,OUT
207,35,IN
304,38,IN
159,36,IN
129,13,IN
308,5,OUT
332,6,OUT
104,34,OUT
45,25,OUT
65,11,IN
203,8,OUT
134,23,IN
93,38,IN
153,38,OUT
347,12,IN
165,9,OUT
138,39,IN
209,21,IN
404,2,IN
124,24,IN
357,24,IN
327,34,OUT
309,36,OUT
210,28,OUT
136,14,OUT
385,8,OUT
295,13,OUT
125,2,IN
399,12,OUT
44,2,OUT
122,14,OUT
374,34,IN
31,21,OUT
237,17,OUT
72,21,OUT
312,1,OUT
81,16,OUT
184,18,OUT
309,33,OUT
200,40,OUT
237,10,OUT
46,38,IN
222,15,OUT
221,39,OUT
34,23,IN
194,1,IN
161,34,IN
385,21,OUT
262,0,IN
84,26,OUT
235,25,IN
118,31,OUT
114,28,IN
155,23,IN
128,22,IN
359,12,IN
155,20,IN
205,39,IN
242,33,IN
157,4,IN
42,5,OUT
211,39,IN
250,37,IN
318,37,IN
337,12,IN
233,17,OUT
296,18,OUT
28,39,OUT
212,15,OUT
41,24,IN
370,40,IN
387,5,IN
34,38,OUT
334,40,IN
330,34,OUT
15,17,OUT
62,1,OUT
92,17,OUT
188,24,IN
333,19,IN
299,0,IN
201,20,IN
119,32,IN
179,26,OUT
118,10,IN
282,24,OUT
42,25,IN
43,28,IN
291,19,IN
39,40,IN
399,29,IN
180,30,OUT
129,10,IN
133,2,IN
19,13,IN
67,5,IN
318,28,IN
69,17,IN
351,17,IN
124,32,IN
283,11,OUT
193,0,OUT
233,0,IN
329,0,IN
95,13,OUT
38,37,IN
78,27,IN
110,4,IN
72,10,OUT
234,16,IN
257,0,OUT
407,14,IN
304,15,IN
361,27,OUT
57,3,OUT
268,17,OUT
12,31,OUT
101,26,IN
219,39,OUT
10,22,OUT
273,31,OUT
248,13,IN
346,24,IN
275,12,IN
253,20,OUT
393,9,IN
365,13,IN
263,23,OUT
203,36,OUT
46,10,IN
79,21,IN
88,14,OUT
130,28,IN
407,26,OUT
275,13,OUT
320,19,OUT
189,6,OUT
342,0,IN
231,4,IN
245,30,OUT
222,20,OUT
39,38,OUT
220,25,OUT
54,36,IN
270,10,IN
13,10,IN
348,39,OUT
252,39,IN
117,31,IN
124,13,OUT
101,0,OUT
98,28,OUT
122,32,OUT
297,37,OUT
178,37,IN
269,17,IN
95,32,IN
31,36,OUT
125,29,OUT
42,14,IN
307,36,OUT
38,13,OUT
178,23,OUT
359,33,OUT
289,36,IN
210,40,IN
255,38,IN
355,0,OUT
217,38,OUT
393,37,IN
352,26,OUT
277,35,OUT
170,1,OUT
169,15,IN
272,24,OUT
215,6,IN
28,38,OUT
217,30,OUT
325,10,IN
332,23,IN
34,20,OUT
119,14,IN
276,30,IN
353,36,IN
319,40,IN
58,26,OUT
76,9,IN
398,20,IN
74,21,OUT
185,40,OUT
386,32,OUT
359,17,IN
409,16,IN
43,39,IN
220,26,IN
209,2,OUT
207,8,OUT
199,22,IN
184,8,IN
362,33,OUT
247,6,IN
242,37,OUT
11,8,OUT
319,31,OUT
175,22,IN
251,15,OUT
211,5,IN
276,31,OUT
149,15,OUT
40,3,IN
176,40,IN
56,22,IN
146,0,IN
221,23,IN
363,10,OUT
312,29,OUT
233,33,OUT
362,23,IN
337,13,IN
377,38,OUT
54,0,IN
254,21,IN
157,14,IN
123,33,IN
405,15,IN
38,15,IN
49,40,OUT
84,39,IN
204,8,OUT
327,31,OUT
194,29,OUT
223,10,IN
267,35,IN
328,18,OUT
159,39,IN
37,38,OUT
173,32,IN
313,12,OUT
91,16,IN
253,29,IN
349,18,IN
354,28,IN
392,22,OUT
358,24,OUT
333,14,IN
38,21,IN
206,5,OUT
23,9,IN
317,24,IN
15,18,OUT
247,7,OUT
337,22,IN
257,7,IN
105,39,IN
150,34,OUT
122,19,IN
177,22,OUT
120,29,OUT
316,27,IN
201,34,IN
92,19,IN
340,35,IN
16,12,OUT
176,25,OUT
287,37,IN
343,37,OUT
297,31,OUT
95,40,OUT
163,20,OUT
91,39,IN
378,13,OUT
13,37,IN
139,38,OUT
317,18,OUT
210,22,IN
177,37,OUT
181,37,IN
204,27,OUT
55,39,OUT
318,6,IN
112,7,OUT
280,40,OUT
327,16,IN
191,19,OUT
278,0,OUT
202,8,OUT
30,14,OUT
198,31,OUT
134,8,OUT
37,12,IN
162,32,OUT
130,30,IN
335,38,IN
54,26,OUT
153,12,OUT
368,35,OUT
310,20,OUT
161,7,OUT
37,15,IN
37,37,OUT
206,31,OUT
136,37,IN
257,5,OUT
260,6,IN
388,9,OUT
335,5,OUT
328,25,OUT
331,40,IN
173,11,OUT
155,11,OUT
159,11,OUT
60,27,OUT
171,21,IN
380,27,IN
72,28,OUT
22,15,IN
376,14,IN
264,20,IN
111,11,OUT
249,22,IN
168,36,OUT
369,6,OUT
90,31,OUT
37,18,OUT
184,22,OUT
393,39,OUT
107,11,OUT
74,14,IN
406,20,OUT
153,10,OUT
87,35,OUT
223,31,IN
123,1,IN
303,21,IN
219,30,IN
409,0,IN
376,3,IN
355,39,IN
337,3,IN
10,5,OUT
362,24,IN
229,36,IN
144,20,IN
70,13,IN
111,29,IN
238,5,OUT
91,36,OUT
394,6,IN
77,16,OUT
356,31,IN
183,32,OUT
32,38,OUT
259,9,IN
124,26,IN
242,6,OUT
11,37,IN
330,5,IN
29,40,IN
237,16,IN
379,30,IN
110,9,IN
236,24,IN
270,23,IN
212,31,IN
277,25,OUT
290,36,IN
307,19,OUT
113,15,OUT
388,40,OUT
154,35,OUT
251,14,IN
97,36,IN
128,31,IN
141,35,IN
399,35,IN
198,4,OUT
382,28,IN
98,20,IN
122,36,IN
226,9,IN
110,0,IN
321,1,IN
178,9,IN
209,24,OUT
373,31,OUT
99,27,OUT
170,15,OUT
273,10,OUT
389,35,IN
311,27,IN
179,15,IN
233,37,IN
33,6,IN
402,2,IN
64,35,OUT
138,22,OUT
89,22,OUT
265,37,OUT
151,26,OUT
383,20,OUT
79,9,OUT
163,22,OUT
42,0,IN
285,6,OUT
104,19,IN
276,20,IN
59,32,OUT
267,8,IN
156,1,IN
409,35,IN
31,22,IN
168,40,IN
41,11,OUT
93,24,OUT
38,36,OUT
157,15,IN
325,0,IN
71,21,IN
29,14,IN
326,32,OUT
393,20,OUT
286,21,OUT
87,23,IN
18,25,OUT
84,27,OUT
116,24,OUT
282,37,OUT
309,29,OUT
226,7,OUT
119,33,IN
270,11,IN
39,2,OUT
405,2,IN
114,25,OUT
140,32,OUT
16,23,IN
231,28,IN
171,20,OUT
177,5,OUT
32,1,OUT
121,25,OUT
62,6,IN
18,19,OUT
336,4,IN
27,36,IN
45,38,IN
82,19,OUT
101,19,IN
328,34,OUT
355,1,OUT
358,11,IN
365,30,IN
156,3,IN
239,11,IN
300,9,IN
211,20,OUT
36,10,IN
318,30,OUT
79,23,OUT
195,30,IN
165,26,OUT
216,21,IN
265,19,IN
306,11,OUT
363,31,OUT
378,29,IN
338,37,IN
349,19,IN
312,0,IN
76,16,IN
231,21,OUT
22,2,OUT
281,25,OUT
378,36,IN
121,13,OUT
374,21,IN
249,10,IN
368,35,OUT
100,32,IN
233,19,IN
180,13,OUT
314,36,IN
31,16,IN
166,12,OUT
110,26,OUT
198,27,IN
280,22,IN
209,25,OUT
289,19,OUT
318,29,OUT
197,28,OUT
353,40,OUT
252,5,IN
94,34,OUT
252,5,OUT
121,2,IN
75,31,OUT
379,3,IN
233,1,OUT
192,33,IN
408,6,OUT
264,28,IN
107,36,OUT
205,27,OUT
179,37,IN
263,1,IN
14,25,IN
183,4,OUT
289,10,OUT
316,27,OUT
264,33,OUT
88,31,OUT
158,10,IN
351,22,IN
212,26,IN
280,7,IN
370,6,IN
380,12,OUT
26,36,OUT
345,29,IN
247,3,OUT
297,35,OUT
111,5,IN
221,13,IN
301,6,IN
402,12,IN
396,6,OUT
330,40,OUT
12,13,IN
395,28,IN
326,4,IN
206,7,OUT
394,39,OUT
291,27,OUT
243,6,IN
24,29,OUT
371,27,IN
128,32,OUT
255,33,IN
338,39,IN
142,11,OUT
74,38,OUT
347,29,IN
143,9,OUT
249,10,OUT
221,40,IN
364,39,OUT
127,33,OUT
51,19,IN
205,2,OUT
303,6,OUT
270,40,OUT
112,35,OUT
232,4,IN
200,7,OUT
158,6,IN
246,20,IN
236,27,OUT
158,39,OUT
104,2,IN
263,36,IN
58,36,OUT
248,7,IN
107,24,IN
111,25,OUT
42,25,OUT
128,33,IN
291,31,OUT
18,23,IN
369,30,OUT
404,5,OUT
258,0,OUT
230,37,IN
54,29,OUT
24,19,IN
219,19,IN
208,22,OUT
325,21,OUT
382,6,OUT
135,29,IN
111,29,OUT
329,11,OUT
396,10,OUT
165,10,OUT
123,27,IN
255,29,IN
76,32,OUT
262,9,OUT
183,22,IN
205,4,OUT
395,29,IN
288,39,IN
387,3,OUT
243,33,IN
369,17,IN
379,13,OUT
395,4,OUT
351,11,IN
403,13,IN
195,39,OUT
104,14,IN
63,35,OUT
356,7,IN
240,31,OUT
68,6,IN
324,24,IN
289,12,IN
359,33,IN
338,24,IN
407,36,OUT
192,37,OUT
363,36,OUT
256,33,IN
306,2,IN
127,23,OUT
19,33,OUT
10,25,OUT
119,12,IN
304,19,OUT
184,4,IN
291,19,OUT
181,1,IN
299,3,OUT
29,8,OUT
354,5,IN
254,9,IN
253,15,OUT
75,37,OUT
154,13,IN
155,6,OUT
123,10,OUT
329,24,IN
285,19,OUT
240,17,IN
162,34,IN
300,23,IN
359,37,OUT
184,13,OUT
53,9,IN
277,1,OUT
113,19,OUT
168,14,IN
376,27,IN
143,20,IN
33,20,OUT
208,4,OUT
238,26,OUT
23,35,OUT
361,36,OUT
95,39,IN
333,34,IN
176,3,OUT
395,31,OUT
337,39,OUT
199,36,IN
190,34,OUT
205,23,OUT
129,30,IN
405,15,OUT
231,13,IN
329,8,OUT
153,40,IN
384,18,OUT
106,35,IN
266,34,IN
253,18,OUT
50,8,OUT
346,40,IN
253,38,OUT
185,5,IN
319,9,OUT
313,35,IN
91,10,IN
41,29,IN
287,33,IN
129,29,IN
259,21,OUT
218,25,OUT
130,2,IN
206,29,IN
138,24,IN
394,10,OUT
29,11,OUT
190,4,OUT
39,10,OUT
116,12,OUT
253,6,OUT
344,10,IN
208,19,OUT
66,9,OUT
397,18,IN
197,23,OUT
224,23,OUT
247,12,OUT
118,21,IN
181,24,OUT
45,33,OUT
330,30,OUT
321,24,OUT
79,12,IN
224,40,OUT
192,25,OUT
67,14,OUT
182,14,OUT
80,25,IN
90,31,IN
369,15,OUT
14,11,IN
108,37,IN
172,7,IN
296,13,IN
155,10,OUT
234,5,IN
367,9,IN
280,29,OUT
248,24,IN
201,0,OUT
239,26,OUT
270,27,IN
171,21,OUT
112,1,IN
39,17,OUT
386,24,OUT
317,37,IN
105,26,IN
296,16,OUT
89,26,IN
203,24,OUT
402,39,OUT
165,21,OUT
68,39,OUT
96,21,IN
78,21,IN
163,34,OUT
350,17,IN
356,9,IN
32,22,OUT
280,1,IN
296,19,IN
307,14,OUT
65,35,OUT
247,20,OUT
85,32,OUT
409,23,OUT
257,29,IN
398,26,IN
17,20,OUT
270,8,OUT
399,33,OUT
384,30,IN
138,23,IN
347,15,IN
99,28,OUT
292,23,IN
121,18,OUT
151,18,OUT
316,25,IN
33,12,OUT
225,8,OUT
46,4,IN
276,38,OUT
342,29,OUT
110,22,IN
328,9,IN
97,29,IN
124,4,IN
217,4,OUT
86,34,IN
167,6,IN
404,17,IN
102,15,IN
269,0,OUT
55,11,OUT
212,35,OUT
184,9,IN
349,37,OUT
105,29,IN
128,4,OUT
277,11,OUT
87,37,IN
22,16,OUT
235,5,OUT
258,34,IN
104,19,IN
344,10,OUT
103,37,OUT
88,30,OUT
257,26,OUT
184,12,IN
240,20,OUT
97,40,IN
257,7,IN
290,28,OUT
91,23,OUT
221,23,IN
82,17,IN
90,9,IN
58,11,IN
365,20,IN
170,25,IN
247,6,IN
384,31,OUT
285,35,IN
340,25,IN